,true_label,5,6,7,8,9
0,path,2,0,3,1,0
1,foliage,1,3,1,4,1
2,sky,0,2,2,0,5
3,path,4,1,0,2,7
4,path,4,1,0,2,7
5,path,4,1,3,1,0
6,grass,2,0,3,1,0
7,brickface,1,3,1,4,1
8,foliage,1,5,5,3,6
9,brickface,1,3,1,4,1
10,cement,2,0,6,6,2
11,window,2,0,6,6,2
12,window,2,0,6,6,2
13,path,4,1,0,2,7
14,grass,2,0,3,1,0
15,window,2,0,6,6,2
16,brickface,1,3,1,4,1
17,path,2,0,3,1,0
18,cement,2,0,3,1,0
19,cement,4,1,6,7,7
20,window,2,0,6,6,2
21,brickface,2,0,6,6,2
22,foliage,1,0,6,6,2
23,sky,0,2,2,0,3
24,grass,1,3,0,2,8
25,window,2,0,6,6,2
26,foliage,1,3,1,4,1
27,path,4,1,0,2,7
28,sky,0,2,2,0,3
29,foliage,1,3,1,4,1
30,grass,2,0,3,1,0
31,window,1,3,1,4,1
32,window,1,3,1,4,1
33,cement,1,3,1,4,1
34,grass,1,3,0,2,8
35,grass,2,0,3,1,0
36,grass,1,3,0,2,8
37,brickface,2,0,6,6,2
38,window,2,0,6,6,2
39,foliage,1,3,1,4,1
40,grass,1,3,0,2,8
41,window,2,0,6,6,2
42,grass,2,0,3,1,0
43,grass,2,0,3,1,0
44,foliage,1,3,1,4,1
45,window,1,3,1,4,1
46,window,2,0,6,6,2
47,path,4,1,0,2,7
48,foliage,1,3,1,4,1
49,foliage,1,3,1,4,1
50,brickface,1,3,1,7,2
51,window,2,0,6,6,2
52,sky,0,2,2,0,5
53,grass,1,3,0,2,8
54,path,4,1,0,2,7
55,window,2,0,6,6,2
56,cement,2,0,6,6,2
57,sky,0,2,2,0,3
58,foliage,1,3,1,4,1
59,cement,4,1,1,7,7
60,path,4,1,0,2,7
61,cement,4,1,1,7,7
62,foliage,1,3,1,4,1
63,window,2,0,6,6,2
64,brickface,1,3,1,4,1
65,grass,2,0,3,1,0
66,sky,0,2,2,0,3
67,cement,4,1,2,7,7
68,path,2,0,3,1,0
69,window,2,0,6,6,2
70,brickface,1,3,1,4,1
71,foliage,1,3,1,4,1
72,cement,1,3,1,7,1
73,window,2,0,6,6,2
74,foliage,1,3,1,4,1
75,foliage,1,3,1,4,1
76,sky,0,2,2,0,5
77,brickface,1,3,1,4,1
78,grass,1,3,0,2,8
79,brickface,1,0,6,6,2
80,foliage,2,0,6,6,2
81,sky,0,2,2,0,3
82,brickface,1,3,1,4,1
83,brickface,1,3,1,4,1
84,path,4,1,0,2,7
85,grass,2,0,3,1,0
86,foliage,1,3,1,4,1
87,cement,1,3,6,6,2
88,path,2,0,3,1,0
89,cement,4,1,6,7,2
90,path,4,1,0,2,7
91,sky,0,2,2,0,3
92,brickface,2,0,6,6,2
93,foliage,1,3,6,4,1
94,cement,2,0,0,1,0
95,grass,2,0,6,6,2
96,path,4,1,3,1,0
97,brickface,2,0,6,6,2
98,brickface,1,3,1,7,1
99,window,2,0,6,6,2
100,brickface,2,0,6,6,2
101,foliage,2,0,6,6,2
102,sky,0,2,2,0,5
103,grass,2,0,3,1,0
104,brickface,1,3,1,4,1
105,brickface,1,3,1,4,1
106,cement,4,1,0,7,7
107,brickface,1,3,1,4,1
108,window,2,0,6,6,2
109,cement,2,0,3,6,2
110,sky,0,2,2,0,5
111,foliage,1,3,1,4,1
112,sky,0,2,2,0,3
113,path,4,1,3,1,0
114,grass,1,3,0,2,8
115,brickface,1,3,1,4,1
116,brickface,1,3,1,4,1
117,window,1,3,1,4,1
118,sky,0,2,2,0,3
119,cement,2,0,6,6,2
120,sky,0,2,2,0,3
121,foliage,4,1,1,7,7
122,cement,4,1,6,7,7
123,grass,2,0,3,1,0
124,brickface,1,3,1,4,1
125,sky,0,2,2,0,5
126,cement,2,0,3,1,0
127,cement,2,0,3,1,0
128,foliage,1,3,1,4,1
129,foliage,1,3,1,4,1
130,window,2,0,6,6,2
131,cement,4,1,1,7,1
132,foliage,4,1,1,7,7
133,path,4,1,0,2,8
134,brickface,1,3,1,4,1
135,window,2,0,6,6,2
136,foliage,1,3,1,4,1
137,brickface,1,3,1,4,1
138,window,2,0,6,6,2
139,grass,1,3,0,2,8
140,foliage,1,3,1,4,1
141,brickface,1,3,1,4,1
142,path,4,1,3,1,7
143,foliage,1,3,1,4,1
144,cement,1,3,1,4,1
145,sky,0,2,2,0,3
146,cement,4,1,1,7,7
147,grass,2,0,0,2,8
148,path,2,0,3,1,0
149,window,2,0,6,6,2
150,path,2,0,3,1,0
151,sky,0,2,2,0,5
152,path,4,1,0,2,7
153,window,2,0,6,6,2
154,foliage,2,0,6,6,2
155,path,2,0,3,1,0
156,grass,1,3,0,2,8
157,brickface,1,3,1,7,1
158,path,4,1,3,1,7
159,path,4,1,0,2,7
160,cement,2,0,6,6,2
161,cement,2,0,3,6,2
162,grass,2,0,3,1,0
163,path,4,1,0,2,7
164,sky,0,2,2,0,3
165,sky,0,2,2,0,3
166,foliage,2,0,6,6,2
167,window,2,0,6,6,2
168,cement,4,1,1,7,7
169,window,2,0,6,6,2
170,cement,2,0,3,6,2
171,cement,2,0,3,6,2
172,cement,1,3,1,4,1
173,foliage,1,3,1,4,1
174,foliage,1,3,1,4,1
175,path,2,0,3,1,0
176,grass,2,0,3,1,0
177,sky,0,2,2,0,5
178,window,2,0,6,6,2
179,foliage,1,3,1,4,1
180,path,1,3,0,2,8
181,brickface,1,3,1,4,1
182,cement,2,0,6,6,2
183,path,4,1,0,2,7
184,sky,0,2,2,0,3
185,sky,0,2,2,0,3
186,path,4,1,0,2,7
187,window,2,0,6,6,2
188,cement,4,1,1,7,7
189,brickface,1,3,1,4,1
190,window,1,3,1,4,1
191,grass,1,3,0,2,8
192,grass,1,3,0,2,8
193,brickface,1,3,1,4,1
194,brickface,1,3,1,4,1
195,sky,0,2,2,0,5
196,foliage,1,3,1,4,1
197,grass,1,3,0,2,8
198,window,2,0,6,6,2
199,cement,4,1,2,7,3
200,brickface,1,3,1,4,1
201,window,2,0,6,6,2
202,window,2,0,6,6,2
203,window,2,0,6,6,2
204,grass,1,3,0,2,8
205,path,2,0,3,1,0
206,sky,0,2,2,0,3
207,grass,2,0,3,1,0
208,path,4,1,0,2,7
209,brickface,1,3,1,4,1
210,path,1,3,0,2,8
211,foliage,1,3,1,4,1
212,grass,1,3,0,2,8
213,sky,0,2,2,0,5
214,foliage,1,3,6,4,1
215,window,2,0,6,6,2
216,window,1,3,1,4,1
217,brickface,2,0,6,6,2
218,path,1,3,0,2,8
219,window,1,3,1,4,1
220,foliage,1,3,1,4,1
221,cement,4,1,1,7,7
222,window,2,0,6,6,2
223,brickface,1,3,1,4,1
224,sky,0,2,2,0,3
225,window,1,3,1,4,1
226,foliage,1,3,1,4,1
227,cement,2,0,6,6,2
228,path,2,0,3,1,0
229,sky,0,2,2,0,5
230,foliage,1,3,1,4,1
231,brickface,1,3,1,4,1
232,window,2,0,6,6,2
233,window,2,0,6,6,2
234,path,2,0,3,1,0
235,window,2,0,6,6,2
236,grass,1,3,0,2,8
237,foliage,1,3,1,4,1
238,window,2,0,6,6,2
239,path,4,1,0,2,7
240,grass,2,0,3,1,0
241,window,2,0,6,6,2
242,sky,0,2,2,0,5
243,cement,1,3,1,4,1
244,foliage,1,3,1,4,1
245,cement,2,0,6,6,2
246,window,1,3,1,4,1
247,window,2,0,6,6,2
248,path,2,0,3,1,0
249,path,4,1,0,2,7
250,brickface,1,3,1,4,1
251,grass,1,3,0,2,8
252,cement,4,1,1,7,1
253,window,2,0,6,6,2
254,grass,2,0,3,1,0
255,window,2,0,6,6,2
256,sky,0,2,2,0,3
257,path,4,1,0,2,7
258,foliage,1,3,1,4,1
259,window,1,3,1,4,1
260,sky,0,2,2,0,5
261,foliage,1,3,1,4,1
262,foliage,1,3,1,4,1
263,path,2,0,3,1,0
264,cement,4,1,6,7,2
265,window,2,0,6,6,2
266,cement,1,3,1,4,1
267,cement,4,1,2,7,7
268,foliage,1,3,1,4,1
269,path,2,0,3,1,0
270,path,4,1,0,2,7
271,sky,0,2,2,0,3
272,brickface,1,3,1,4,1
273,cement,4,1,1,7,7
274,path,4,1,3,1,7
275,cement,4,1,3,7,7
276,sky,0,2,2,0,5
277,path,4,1,0,2,7
278,path,4,1,0,2,7
279,cement,4,1,6,7,7
280,window,1,3,1,4,1
281,foliage,1,3,1,4,1
282,grass,1,3,0,2,8
283,brickface,1,3,1,4,1
284,sky,0,2,2,0,5
285,path,4,1,3,1,0
286,grass,2,0,3,1,0
287,window,2,0,6,6,2
288,sky,0,2,2,0,5
289,cement,4,1,2,7,3
290,cement,2,0,6,7,2
291,sky,0,2,2,0,5
292,sky,0,2,2,0,5
293,path,4,1,0,2,7
294,window,2,0,6,6,2
295,grass,2,0,3,1,0
296,window,1,3,1,4,1
297,grass,2,0,3,1,0
298,grass,2,0,3,1,0
299,path,4,1,0,2,7
300,path,4,1,0,2,7
301,grass,1,3,0,4,8
302,window,1,3,1,4,1
303,grass,2,0,0,2,8
304,grass,1,3,0,2,8
305,sky,0,2,2,0,3
306,window,2,0,6,6,2
307,sky,0,2,2,0,3
308,brickface,1,3,1,4,1
309,cement,2,0,6,6,2
310,cement,4,1,2,7,3
311,path,2,0,3,1,0
312,grass,1,3,0,2,8
313,brickface,2,0,6,6,2
314,path,4,1,3,1,0
315,grass,2,0,3,1,0
316,path,2,0,3,1,0
317,grass,2,0,3,1,0
318,grass,2,0,3,1,0
319,path,4,1,3,1,0
320,brickface,1,3,1,4,1
321,cement,4,1,6,7,7
322,grass,2,0,3,1,0
323,grass,1,3,0,2,8
324,sky,0,2,2,0,3
325,path,4,1,3,1,0
326,brickface,1,3,1,4,1
327,brickface,1,3,1,4,1
328,brickface,1,3,1,4,1
329,window,2,0,6,6,2
330,grass,1,3,0,2,8
331,brickface,1,3,1,4,1
332,cement,1,3,1,4,1
333,grass,1,3,0,2,8
334,window,2,0,6,6,2
335,grass,1,3,0,2,8
336,brickface,1,3,1,4,1
337,window,1,3,6,4,1
338,window,2,0,6,6,2
339,brickface,1,3,1,4,1
340,brickface,2,0,6,6,2
341,sky,0,2,2,0,5
342,window,2,0,6,6,2
343,grass,1,3,0,2,8
344,grass,2,0,3,1,0
345,window,2,0,6,6,2
346,window,2,0,6,6,2
347,brickface,1,3,1,4,1
348,grass,2,0,3,1,0
349,sky,0,2,2,0,5
350,cement,2,0,6,6,2
351,foliage,1,3,1,4,1
352,path,4,1,3,1,0
353,foliage,1,3,1,4,1
354,sky,0,2,2,0,5
355,cement,2,0,3,1,0
356,grass,1,3,0,2,8
357,path,2,0,3,1,0
358,foliage,2,0,6,6,2
359,path,4,1,3,1,0
360,sky,0,2,2,0,5
361,sky,0,2,2,0,5
362,brickface,1,3,1,4,1
363,sky,0,2,2,0,5
364,grass,1,3,0,2,8
365,path,4,1,0,2,7
366,sky,0,2,2,0,5
367,foliage,1,3,1,4,1
368,foliage,1,3,1,4,1
369,window,2,0,6,6,2
370,sky,0,2,2,0,5
371,foliage,1,3,1,4,1
372,cement,4,1,1,7,7
373,sky,0,2,2,0,5
374,path,4,1,3,1,7
375,path,4,1,0,2,7
376,sky,0,2,2,0,5
377,brickface,2,0,6,6,2
378,path,2,0,3,1,0
379,grass,2,0,0,2,8
380,path,4,1,0,2,7
381,grass,1,3,0,2,8
382,foliage,1,3,1,4,1
383,foliage,1,3,1,4,1
384,sky,0,2,2,0,5
385,foliage,1,3,1,4,1
386,brickface,2,0,6,6,2
387,path,2,0,3,1,0
388,brickface,1,3,1,4,1
389,brickface,1,3,1,4,2
390,sky,0,2,2,0,3
391,sky,0,2,2,0,3
392,brickface,1,3,1,4,1
393,window,2,0,6,6,2
394,cement,2,0,6,7,2
395,foliage,4,1,1,7,7
396,brickface,1,3,1,4,1
397,sky,0,2,2,0,3
398,window,1,3,1,4,2
399,path,4,1,0,2,7
400,foliage,1,3,1,4,1
401,grass,2,0,0,2,8
402,cement,2,0,6,6,2
403,sky,0,2,2,0,3
404,sky,0,2,2,0,3
405,brickface,1,3,1,4,1
406,path,2,0,3,1,0
407,cement,4,1,3,7,7
408,grass,1,3,0,2,8
409,brickface,1,3,1,4,1
410,window,1,3,1,4,1
411,foliage,3,4,4,5,4
412,foliage,1,3,1,4,1
413,window,2,0,6,6,2
414,brickface,1,3,1,4,1
415,sky,0,2,2,0,3
416,sky,0,2,2,0,5
417,foliage,1,3,1,4,1
418,foliage,1,3,1,4,1
419,path,4,1,0,2,7
420,path,2,0,3,1,0
421,cement,2,0,6,7,2
422,window,1,3,1,4,1
423,cement,2,0,3,1,0
424,grass,2,0,3,1,0
425,grass,1,3,0,2,8
426,grass,2,0,3,1,0
427,brickface,1,3,1,4,1
428,foliage,2,0,6,6,2
429,window,1,3,1,4,1
430,grass,2,0,3,1,0
431,brickface,1,3,1,4,1
432,sky,0,2,2,0,5
433,window,2,0,6,6,2
434,path,1,3,0,2,8
435,grass,2,0,3,1,0
436,brickface,2,0,6,6,2
437,cement,4,1,6,7,7
438,grass,1,3,0,2,8
439,grass,1,3,0,2,8
440,brickface,1,3,1,4,1
441,path,4,1,0,2,7
442,cement,4,1,0,7,7
443,sky,0,2,2,0,5
444,cement,4,1,1,7,7
445,brickface,1,3,1,4,1
446,path,4,1,0,2,7
447,cement,2,0,6,6,2
448,cement,4,1,0,7,7
449,path,4,1,3,1,0
450,window,1,3,1,4,1
451,window,2,0,6,6,2
452,sky,0,2,2,0,5
453,brickface,1,3,1,4,1
454,path,4,1,3,1,0
455,cement,2,0,6,6,2
456,window,1,3,1,4,1
457,window,1,3,1,4,1
458,path,2,0,3,1,0
459,grass,2,0,3,1,0
460,foliage,1,3,1,4,1
461,window,1,3,1,4,1
462,sky,0,2,2,0,3
463,brickface,1,3,1,4,1
464,foliage,2,0,6,6,2
465,cement,4,1,2,7,3
466,foliage,3,5,5,3,6
467,path,4,1,0,2,7
468,path,4,1,0,2,7
469,cement,4,1,0,7,7
470,sky,0,2,2,0,3
471,cement,4,1,3,7,7
472,brickface,2,0,6,6,2
473,sky,0,2,2,0,3
474,window,2,0,6,6,2
475,brickface,1,3,1,4,1
476,path,4,1,0,2,7
477,cement,4,1,1,7,1
478,cement,2,0,6,6,2
479,window,1,3,1,4,1
480,cement,4,1,6,7,2
481,window,2,0,6,6,2
482,sky,0,2,2,0,3
483,cement,2,0,6,6,2
484,sky,0,2,2,0,5
485,grass,1,3,0,2,8
486,brickface,2,0,6,6,2
487,cement,4,1,3,7,7
488,grass,2,0,3,1,0
489,sky,0,2,2,0,5
490,brickface,2,0,6,6,2
491,grass,1,3,0,2,8
492,path,4,1,3,1,0
493,window,1,3,1,4,1
494,path,4,1,0,2,7
495,cement,1,3,1,4,1
496,sky,0,2,2,0,5
497,window,2,0,6,6,2
498,brickface,2,0,6,6,2
499,foliage,1,3,1,4,1
500,sky,0,2,2,0,3
501,brickface,1,3,1,4,1
502,grass,2,0,3,1,0
503,grass,2,0,0,2,8
504,brickface,2,0,6,6,2
505,window,1,3,1,4,1
506,sky,0,2,2,0,3
507,sky,0,2,2,0,5
508,cement,4,1,1,7,7
509,sky,0,2,2,0,5
510,brickface,1,3,1,4,1
511,foliage,1,3,1,4,1
512,window,2,0,6,6,2
513,brickface,2,0,6,6,2
514,sky,0,2,2,0,5
515,grass,1,3,0,2,8
516,window,2,0,6,6,2
517,cement,2,0,6,6,2
518,window,2,0,6,6,2
519,window,2,0,6,6,2
520,cement,1,3,6,6,8
521,cement,4,1,1,7,7
522,sky,0,2,2,0,3
523,foliage,1,3,1,4,1
524,foliage,2,0,6,6,2
525,window,1,3,1,4,1
526,grass,1,3,0,2,8
527,sky,0,2,2,0,5
528,sky,0,2,2,0,5
529,path,2,0,3,1,0
530,cement,2,0,3,1,0
531,window,2,0,6,6,2
532,window,2,0,6,6,2
533,grass,1,3,0,2,8
534,path,4,1,0,2,7
535,path,4,1,0,2,7
536,foliage,2,0,6,6,2
537,grass,2,0,3,1,0
538,brickface,1,3,1,4,1
539,foliage,1,5,1,3,1
540,window,2,0,6,6,2
541,brickface,1,3,1,4,1
542,grass,2,0,0,2,8
543,window,2,0,6,6,2
544,brickface,1,3,1,4,1
545,cement,4,1,1,7,7
546,window,2,0,6,6,2
547,foliage,3,5,5,3,6
548,grass,1,3,0,2,8
549,sky,0,2,2,0,3
550,foliage,1,3,1,4,1
551,window,2,0,6,6,2
552,cement,2,0,6,6,2
553,path,4,1,3,1,0
554,window,1,3,1,4,1
555,grass,1,3,0,2,8
556,cement,2,0,6,6,2
557,foliage,1,3,1,4,1
558,path,2,0,3,1,0
559,sky,0,2,2,0,3
560,foliage,1,3,1,4,1
561,path,2,0,3,1,0
562,cement,4,1,1,7,7
563,path,4,1,0,2,7
564,window,2,0,6,6,2
565,path,2,0,3,1,0
566,cement,2,0,6,6,2
567,brickface,1,3,1,4,2
568,brickface,1,3,1,4,1
569,sky,0,2,2,0,3
570,sky,0,2,2,0,3
571,brickface,1,3,1,4,1
572,foliage,2,0,6,6,2
573,window,2,0,6,6,2
574,cement,2,0,6,6,2
575,cement,4,1,2,7,3
576,cement,4,1,6,7,2
577,brickface,1,3,1,4,1
578,grass,1,3,0,2,8
579,foliage,1,3,1,4,1
580,window,1,3,6,4,1
581,cement,4,1,1,7,1
582,window,1,3,1,4,1
583,foliage,1,3,1,4,1
584,brickface,1,3,1,4,1
585,sky,0,2,2,0,5
586,path,4,1,3,1,0
587,sky,0,2,2,0,5
588,cement,2,0,6,6,2
589,brickface,1,3,6,6,2
590,brickface,1,3,1,4,1
591,window,2,0,6,6,2
592,foliage,1,3,1,4,1
593,window,2,0,6,6,2
594,sky,0,2,2,0,3
595,path,4,1,0,2,7
596,grass,1,3,0,2,8
597,foliage,1,3,1,4,1
598,path,2,0,3,1,0
599,foliage,1,3,1,4,1
600,foliage,1,3,1,4,1
601,grass,2,0,3,1,0
602,grass,2,0,3,1,8
603,cement,4,1,0,7,7
604,path,1,3,0,2,8
605,cement,2,0,6,6,2
606,grass,1,3,0,2,8
607,cement,1,3,0,2,8
608,path,2,0,3,1,0
609,sky,0,2,2,0,3
610,foliage,1,3,1,4,1
611,foliage,1,3,1,4,1
612,foliage,1,3,1,4,1
613,window,2,0,6,6,2
614,cement,2,0,6,6,2
615,window,2,0,6,6,2
616,brickface,1,3,1,4,1
617,foliage,1,3,1,4,1
618,brickface,1,3,1,4,1
619,window,2,0,6,6,2
620,sky,0,2,2,0,3
621,foliage,2,0,6,6,2
622,cement,2,0,6,6,2
623,path,2,0,3,1,0
624,brickface,1,3,1,4,1
625,window,2,0,6,6,2
626,cement,2,0,6,6,2
627,sky,0,2,2,0,5
628,foliage,1,3,1,4,1
629,brickface,1,3,1,4,1
630,grass,2,0,3,1,0
631,brickface,1,3,1,4,1
632,brickface,1,3,1,4,1
633,path,1,3,0,2,8
634,grass,1,3,0,2,8
635,grass,2,0,3,1,0
636,window,1,3,1,4,1
637,window,2,0,6,6,2
638,sky,0,2,2,0,3
639,sky,0,2,2,0,3
640,foliage,3,5,5,3,6
641,sky,0,2,2,0,3
642,brickface,2,0,6,7,2
643,window,1,3,1,4,1
644,sky,0,2,2,0,5
645,foliage,1,3,1,4,1
646,path,4,1,3,1,7
647,window,1,3,1,4,1
648,grass,1,3,0,2,8
649,sky,0,2,2,0,5
650,window,2,0,6,6,2
651,sky,0,2,2,0,3
652,brickface,2,0,6,6,2
653,window,2,0,6,6,2
654,path,2,0,3,1,0
655,sky,0,2,2,0,5
656,grass,1,3,0,2,8
657,brickface,1,3,1,4,1
658,brickface,1,3,1,4,1
659,brickface,1,3,1,4,1
660,grass,1,3,0,2,8
661,path,4,1,3,1,7
662,cement,2,0,6,6,2
663,window,1,3,1,4,1
664,foliage,1,3,6,4,2
665,brickface,1,3,1,4,1
666,grass,2,0,3,1,0
667,sky,0,2,2,0,3
668,grass,1,3,0,2,8
669,foliage,1,3,1,4,1
670,foliage,2,0,6,6,2
671,grass,2,0,3,1,0
672,brickface,1,3,1,4,1
673,cement,4,1,3,7,7
674,path,2,0,3,1,0
675,window,1,3,1,4,1
676,cement,1,3,1,4,1
677,foliage,1,3,1,4,1
678,cement,4,1,2,7,7
679,path,2,0,3,1,0
680,window,2,0,6,6,2
681,grass,1,3,1,4,1
682,path,4,1,3,1,0
683,brickface,2,0,6,6,2
684,cement,4,1,1,7,7
685,cement,4,1,6,7,2
686,foliage,1,3,1,4,1
687,cement,2,0,6,6,2
688,brickface,1,3,1,4,1
689,brickface,1,3,1,4,1
690,path,2,0,3,1,0
691,sky,0,2,2,0,5
692,sky,0,2,2,0,5
693,brickface,2,0,6,6,2
694,path,4,1,3,1,0
695,grass,2,0,3,1,0
696,foliage,1,3,1,4,1
697,cement,4,1,1,7,7
698,sky,0,2,2,0,5
699,sky,0,2,2,0,3
700,window,1,3,6,6,2
701,foliage,3,5,5,3,6
702,grass,2,0,3,1,0
703,cement,1,3,0,2,8
704,grass,1,3,0,2,8
705,cement,2,0,3,1,0
706,grass,2,0,3,1,0
707,grass,1,3,0,2,8
708,brickface,1,3,1,4,1
709,foliage,1,3,1,4,1
710,foliage,1,3,1,4,1
711,brickface,1,3,1,4,1
712,sky,0,2,2,0,5
713,path,2,0,3,1,0
714,cement,1,3,0,2,8
715,cement,4,1,2,7,3
716,path,2,0,3,1,0
717,window,2,0,6,6,2
718,path,2,0,3,1,0
719,foliage,1,3,1,4,1
720,cement,2,0,6,6,2
721,brickface,1,3,1,4,1
722,window,2,0,6,6,2
723,foliage,1,3,1,4,1
724,window,2,0,6,6,2
725,brickface,1,3,1,4,1
726,window,2,0,6,6,2
727,brickface,1,3,1,4,1
728,brickface,1,3,1,4,1
729,brickface,1,3,1,4,1
730,sky,0,2,2,0,3
731,brickface,1,3,1,4,1
732,path,4,1,0,2,7
733,window,2,0,6,6,2
734,window,2,0,6,6,2
735,foliage,1,3,1,4,1
736,brickface,1,3,1,4,1
737,window,2,0,6,6,2
738,window,2,0,6,6,2
739,window,2,0,6,6,2
740,cement,4,1,2,7,3
741,grass,1,3,0,2,8
742,path,4,1,0,2,7
743,path,4,1,0,2,7
744,path,2,0,3,1,0
745,sky,0,2,2,0,3
746,foliage,1,3,1,4,1
747,sky,0,2,2,0,5
748,brickface,2,0,6,6,2
749,foliage,1,3,1,4,1
750,foliage,1,3,1,4,1
751,sky,0,2,2,0,3
752,sky,0,2,2,0,5
753,grass,1,3,0,2,8
754,window,2,0,6,6,2
755,cement,4,1,1,7,7
756,window,2,0,6,6,2
757,grass,1,3,0,2,8
758,grass,2,0,3,1,0
759,foliage,1,3,1,4,1
760,cement,1,3,1,4,1
761,window,2,0,6,6,2
762,grass,1,3,0,2,8
763,sky,0,2,2,0,5
764,grass,1,3,0,2,8
765,window,2,0,6,6,2
766,sky,0,2,2,0,3
767,path,2,0,3,1,0
768,sky,0,2,2,0,3
769,cement,4,1,1,7,7
770,grass,1,3,0,2,8
771,foliage,1,3,1,4,1
772,foliage,1,3,1,4,1
773,grass,2,0,3,1,0
774,foliage,1,3,1,4,1
775,grass,1,3,0,2,8
776,foliage,1,3,1,4,1
777,path,2,0,3,1,0
778,cement,2,0,3,1,0
779,foliage,1,3,1,4,1
780,sky,0,2,2,0,3
781,path,2,0,3,1,0
782,brickface,1,3,1,7,1
783,brickface,2,0,6,6,2
784,brickface,2,0,6,6,2
785,path,4,1,0,2,7
786,grass,2,0,3,1,0
787,path,2,0,3,1,0
788,foliage,2,0,6,6,2
789,sky,0,2,2,0,5
790,foliage,1,3,1,4,1
791,sky,0,2,2,0,3
792,window,2,0,6,6,2
793,cement,2,0,3,1,0
794,window,2,0,6,6,2
795,sky,0,2,2,0,5
796,brickface,1,3,1,4,1
797,path,2,0,3,1,0
798,grass,2,0,3,1,0
799,sky,0,2,2,0,3
800,foliage,1,3,1,4,1
801,window,2,0,6,6,2
802,cement,2,0,6,6,2
803,grass,1,3,0,2,8
804,cement,4,1,1,7,7
805,grass,2,0,3,1,0
806,cement,4,1,1,7,7
807,foliage,2,0,6,6,2
808,path,4,1,0,2,7
809,grass,2,0,3,1,0
810,foliage,1,3,1,4,1
811,window,2,0,6,6,2
812,window,1,3,1,4,1
813,window,1,3,1,4,1
814,brickface,1,3,1,4,1
815,cement,2,0,6,6,2
816,foliage,1,3,1,4,1
817,foliage,1,3,1,4,1
818,foliage,2,0,6,6,2
819,brickface,1,3,1,4,1
820,foliage,2,0,6,6,2
821,path,2,0,3,1,0
822,grass,2,0,3,1,0
823,foliage,1,3,1,4,1
824,grass,1,3,0,2,8
825,window,2,0,6,6,2
826,cement,4,1,2,7,7
827,cement,4,1,1,7,7
828,sky,0,2,2,0,3
829,window,2,0,6,6,2
830,cement,4,1,6,7,2
831,cement,2,0,6,6,2
832,sky,0,2,2,0,3
833,path,4,1,0,2,7
834,path,2,0,3,1,0
835,foliage,1,3,1,4,1
836,cement,4,1,1,7,7
837,path,1,3,0,2,8
838,foliage,1,3,1,4,1
839,path,4,1,0,2,7
840,cement,4,1,1,7,7
841,window,2,0,6,6,2
842,grass,2,0,3,1,0
843,sky,0,2,2,0,3
844,cement,2,0,6,6,2
845,window,1,3,1,4,1
846,cement,1,3,1,4,1
847,grass,2,0,3,1,0
848,brickface,2,0,6,6,2
849,foliage,4,5,5,3,6
850,cement,4,1,0,7,7
851,window,1,3,1,4,1
852,path,4,1,3,1,7
853,cement,2,0,3,1,0
854,cement,4,1,3,7,7
855,grass,1,3,0,2,8
856,sky,0,2,2,0,5
857,window,2,0,6,6,2
858,foliage,1,3,1,4,1
859,grass,1,3,0,2,8
860,path,1,3,0,2,8
861,sky,0,2,2,0,3
862,grass,2,0,3,1,0
863,brickface,1,3,1,4,1
864,sky,0,2,2,0,5
865,brickface,1,3,1,4,1
866,path,4,1,3,1,0
867,cement,2,0,6,6,2
868,sky,0,2,2,0,3
869,window,2,0,6,6,2
870,sky,0,2,2,0,3
871,window,2,0,6,6,2
872,grass,2,0,3,1,0
873,path,4,1,0,2,7
874,grass,2,0,3,1,0
875,cement,4,1,3,7,7
876,window,1,3,6,4,1
877,foliage,1,3,1,4,1
878,grass,1,3,0,2,8
879,brickface,2,0,6,6,2
880,grass,1,3,0,2,8
881,sky,0,2,2,0,5
882,sky,0,2,2,0,3
883,grass,2,0,3,1,0
884,sky,0,2,2,0,5
885,foliage,1,3,1,4,1
886,cement,2,0,6,6,2
887,brickface,1,3,1,4,1
888,window,1,3,6,6,2
889,window,2,0,6,6,2
890,foliage,2,0,6,6,2
891,foliage,1,3,1,4,1
892,path,4,1,3,1,0
893,sky,0,2,2,0,3
894,path,4,1,0,2,7
895,foliage,1,3,1,4,1
896,path,4,1,3,1,7
897,grass,1,3,0,2,8
898,foliage,2,0,6,6,2
899,brickface,1,3,1,4,1
900,window,2,0,6,6,2
901,foliage,1,3,1,4,1
902,cement,4,0,3,1,0
903,foliage,1,3,1,4,1
904,window,1,3,1,4,1
905,grass,1,3,0,2,8
906,sky,0,2,2,0,5
907,grass,2,0,3,1,0
908,path,2,0,3,1,0
909,sky,0,2,2,0,5
910,path,1,3,0,2,8
911,sky,0,2,2,0,5
912,grass,2,0,3,1,0
913,cement,2,5,3,3,2
914,grass,2,0,3,1,0
915,path,1,3,0,2,8
916,foliage,1,3,1,4,1
917,path,2,0,3,1,0
918,sky,0,2,2,0,3
919,cement,4,1,1,7,7
920,cement,2,0,6,6,2
921,sky,0,2,2,0,5
922,brickface,2,0,6,6,2
923,foliage,1,3,1,4,1
924,foliage,1,3,1,4,1
925,path,4,1,0,2,7
926,brickface,1,3,1,4,1
927,grass,2,0,3,1,0
928,grass,2,0,6,6,0
929,foliage,2,0,6,6,2
930,brickface,2,0,6,6,2
931,window,1,3,1,4,1
932,grass,2,0,3,1,0
933,window,2,0,6,6,2
934,cement,2,0,6,6,2
935,sky,0,2,2,0,5
936,brickface,2,0,6,6,2
937,sky,0,2,2,0,5
938,brickface,1,3,1,4,1
939,cement,2,0,6,6,2
940,path,4,1,0,2,7
941,brickface,2,0,6,6,2
942,path,4,1,0,2,7
943,sky,0,2,2,0,5
944,grass,2,0,3,1,0
945,window,2,0,6,6,2
946,sky,0,2,2,0,5
947,brickface,1,3,1,4,1
948,grass,2,0,3,1,0
949,cement,1,3,1,4,1
950,sky,0,2,2,0,3
951,foliage,2,0,6,6,2
952,foliage,2,0,6,6,2
953,window,1,3,1,4,1
954,foliage,1,3,1,4,1
955,path,1,3,0,2,8
956,grass,2,0,3,1,0
957,grass,1,3,0,2,8
958,window,2,0,6,6,2
959,grass,2,0,3,1,0
960,cement,4,1,1,7,7
961,sky,0,2,2,0,5
962,window,2,0,6,6,2
963,brickface,1,3,1,4,1
964,grass,2,0,3,1,0
965,sky,0,2,2,0,3
966,foliage,1,3,1,4,1
967,brickface,1,0,6,6,2
968,sky,0,2,2,0,3
969,foliage,2,0,6,6,2
970,path,2,0,3,1,0
971,foliage,3,5,5,3,6
972,path,4,1,0,2,7
973,path,4,1,0,2,8
974,grass,1,3,0,2,8
975,foliage,2,0,6,6,2
976,foliage,1,3,1,4,1
977,grass,2,0,3,1,0
978,foliage,1,3,1,4,1
979,path,2,0,3,1,0
980,brickface,1,3,1,4,1
981,brickface,2,0,6,6,2
982,cement,4,1,1,7,7
983,window,2,0,6,6,2
984,grass,2,0,3,1,8
985,path,1,3,0,2,8
986,brickface,1,3,1,4,1
987,sky,0,2,2,0,5
988,foliage,1,3,1,4,1
989,foliage,1,3,1,4,1
990,sky,0,2,2,0,5
991,brickface,1,3,1,4,1
992,window,2,0,6,6,2
993,path,1,3,0,2,8
994,grass,2,0,3,1,0
995,sky,0,2,2,0,5
996,path,4,1,0,2,7
997,sky,0,2,2,0,3
998,grass,2,0,3,1,0
999,sky,0,2,2,0,3
1000,path,1,3,0,2,8
1001,cement,4,1,1,7,7
1002,grass,2,0,3,1,0
1003,cement,2,0,3,1,0
1004,path,4,1,3,1,7
1005,path,4,1,3,1,0
1006,cement,2,0,6,6,2
1007,path,2,0,3,1,0
1008,grass,2,0,3,1,0
1009,brickface,2,0,6,6,2
1010,sky,0,2,2,0,5
1011,foliage,2,0,6,6,2
1012,cement,2,0,3,1,0
1013,brickface,2,0,6,6,2
1014,sky,0,2,2,0,3
1015,foliage,1,3,1,4,1
1016,brickface,2,0,6,6,2
1017,brickface,1,3,1,4,1
1018,path,4,1,0,2,7
1019,cement,4,1,1,7,7
1020,path,4,1,0,2,7
1021,grass,2,0,3,1,0
1022,sky,0,2,2,0,5
1023,window,1,3,1,4,1
1024,grass,2,0,3,1,0
1025,window,2,0,6,6,2
1026,brickface,1,3,1,4,1
1027,path,4,1,0,2,7
1028,cement,4,1,6,7,7
1029,grass,2,0,3,1,0
1030,sky,0,2,2,0,3
1031,grass,2,0,3,1,0
1032,brickface,1,3,1,4,1
1033,window,2,0,6,6,2
1034,window,2,0,6,6,2
1035,window,2,0,6,6,2
1036,window,2,0,6,6,2
1037,foliage,2,0,6,6,2
1038,sky,0,2,2,0,3
1039,foliage,1,3,1,4,1
1040,grass,2,0,3,1,0
1041,grass,1,3,0,2,8
1042,brickface,2,0,6,6,2
1043,foliage,1,3,1,4,1
1044,sky,0,2,2,0,3
1045,sky,0,2,2,0,5
1046,foliage,1,3,1,4,1
1047,cement,0,2,2,7,3
1048,sky,0,2,2,0,3
1049,path,4,1,0,2,7
1050,grass,1,3,0,2,8
1051,cement,4,1,1,7,7
1052,grass,1,3,0,2,8
1053,cement,2,0,3,1,0
1054,window,2,0,6,6,2
1055,window,1,3,6,4,2
1056,sky,0,2,2,0,5
1057,grass,1,3,0,2,8
1058,cement,4,1,1,7,7
1059,sky,0,2,2,0,3
1060,foliage,1,3,1,4,1
1061,path,2,0,3,1,0
1062,grass,1,3,0,2,8
1063,foliage,1,3,1,4,1
1064,cement,1,3,1,4,1
1065,window,2,0,6,6,2
1066,cement,4,1,1,7,7
1067,grass,2,0,3,1,0
1068,cement,4,1,2,7,3
1069,grass,2,0,3,1,0
1070,foliage,1,3,1,4,1
1071,grass,2,0,3,1,0
1072,brickface,1,3,1,4,1
1073,brickface,1,3,1,4,1
1074,window,2,0,6,6,2
1075,sky,0,2,2,0,3
1076,sky,0,2,2,0,5
1077,sky,0,2,2,0,5
1078,path,4,1,3,1,0
1079,window,2,0,6,6,2
1080,brickface,1,3,1,4,1
1081,brickface,1,3,1,4,1
1082,sky,0,2,2,0,3
1083,sky,0,2,2,0,3
1084,window,2,0,6,6,2
1085,path,4,1,0,2,7
1086,window,1,3,1,4,1
1087,window,2,0,6,6,2
1088,foliage,1,3,1,4,1
1089,window,2,0,6,6,2
1090,path,4,1,0,2,7
1091,path,2,0,3,1,0
1092,window,2,0,6,6,2
1093,cement,4,1,0,7,7
1094,window,2,0,6,6,2
1095,brickface,1,3,1,4,1
1096,path,4,1,0,2,8
1097,grass,2,0,3,1,0
1098,sky,0,2,2,0,3
1099,foliage,1,3,6,6,2
1100,brickface,1,3,1,4,1
1101,path,4,1,3,1,0
1102,foliage,1,3,1,4,1
1103,window,2,0,6,6,2
1104,grass,2,0,3,1,0
1105,path,4,1,0,2,7
1106,foliage,1,3,1,4,1
1107,grass,2,0,3,1,0
1108,path,2,0,3,1,0
1109,grass,2,0,3,1,0
1110,foliage,1,3,1,4,1
1111,cement,2,0,6,6,2
1112,sky,0,2,2,0,3
1113,grass,1,3,0,2,8
1114,sky,0,2,2,0,3
1115,sky,0,2,2,0,5
1116,cement,2,0,6,6,2
1117,foliage,1,3,1,4,1
1118,path,4,1,3,1,7
1119,grass,1,3,0,2,8
1120,brickface,1,3,1,4,1
1121,brickface,1,3,1,4,1
1122,sky,0,2,2,0,3
1123,path,2,0,3,1,0
1124,window,2,0,6,6,2
1125,cement,4,1,1,7,7
1126,path,4,1,3,1,7
1127,sky,0,2,2,0,3
1128,path,1,3,0,2,8
1129,foliage,1,3,1,4,1
1130,cement,2,0,6,6,2
1131,sky,0,2,2,0,3
1132,window,2,0,6,6,2
1133,foliage,2,0,6,6,2
1134,path,2,0,3,1,0
1135,path,4,1,0,2,7
1136,sky,0,2,2,0,5
1137,foliage,1,3,1,4,1
1138,foliage,1,3,1,4,1
1139,window,2,0,6,6,2
1140,grass,2,0,3,1,0
1141,window,2,0,6,6,2
1142,path,1,3,0,2,8
1143,grass,1,3,0,2,8
1144,grass,2,0,3,1,0
1145,foliage,1,3,6,4,1
1146,foliage,3,5,5,3,6
1147,cement,4,1,6,7,2
1148,window,2,0,6,6,2
1149,sky,0,2,2,0,3
1150,cement,2,0,3,6,2
1151,foliage,1,3,1,4,1
1152,brickface,2,0,6,6,2
1153,cement,4,1,1,7,7
1154,grass,2,0,0,2,8
1155,grass,2,0,3,1,0
1156,cement,4,1,0,7,7
1157,grass,1,3,0,2,8
1158,foliage,1,3,1,4,1
1159,window,2,0,6,6,2
1160,cement,2,0,6,6,2
1161,foliage,2,0,6,6,2
1162,sky,0,2,2,0,5
1163,sky,0,2,2,0,3
1164,cement,2,0,6,7,2
1165,cement,4,0,3,7,2
1166,cement,1,3,1,4,1
1167,window,2,0,6,6,2
1168,sky,0,2,2,0,5
1169,sky,0,2,2,0,5
1170,foliage,2,0,6,6,2
1171,window,2,0,6,6,2
1172,grass,1,3,0,2,8
1173,sky,0,2,2,0,3
1174,grass,1,3,0,2,8
1175,brickface,1,3,1,4,1
1176,brickface,1,3,1,4,1
1177,foliage,1,3,1,4,1
1178,grass,2,0,3,1,0
1179,sky,0,2,2,0,5
1180,window,2,0,6,6,2
1181,foliage,2,0,6,6,2
1182,brickface,1,3,1,4,1
1183,sky,0,2,2,0,5
1184,sky,0,2,2,0,5
1185,window,2,0,6,6,2
1186,sky,0,2,2,0,3
1187,path,4,1,3,1,7
1188,foliage,1,3,1,4,1
1189,brickface,2,0,6,6,2
1190,grass,2,0,3,1,0
1191,path,2,0,3,1,0
1192,foliage,1,3,1,4,1
1193,foliage,2,0,6,6,2
1194,foliage,1,3,1,4,1
1195,brickface,2,0,6,6,2
1196,brickface,1,3,1,4,1
1197,path,2,0,3,1,0
1198,window,2,0,6,6,2
1199,brickface,2,0,6,7,2
1200,brickface,1,3,1,4,1
1201,grass,1,3,0,2,8
1202,brickface,1,3,1,4,1
1203,sky,0,2,2,0,5
1204,window,1,3,6,6,2
1205,foliage,1,3,6,4,2
1206,grass,2,0,3,1,0
1207,foliage,1,3,1,4,1
1208,foliage,2,0,6,6,2
1209,foliage,1,3,1,4,1
1210,foliage,1,3,1,4,1
1211,cement,4,1,1,7,7
1212,sky,0,2,2,0,3
1213,cement,4,1,1,7,7
1214,brickface,1,3,1,4,1
1215,brickface,2,0,6,6,2
1216,cement,1,3,1,4,1
1217,brickface,1,3,1,4,1
1218,brickface,2,0,6,6,2
1219,brickface,1,3,1,4,1
1220,grass,1,3,0,2,8
1221,foliage,1,3,1,4,1
1222,cement,1,3,1,4,1
1223,foliage,1,3,1,4,1
1224,grass,2,0,3,1,0
1225,foliage,1,3,1,4,1
1226,grass,2,0,3,1,0
1227,window,2,0,6,6,2
1228,brickface,1,3,1,4,1
1229,sky,0,2,2,0,5
1230,path,2,0,3,1,0
1231,brickface,1,3,1,4,1
1232,cement,4,1,1,7,7
1233,path,2,0,3,1,0
1234,path,4,1,0,2,7
1235,window,2,0,6,6,2
1236,brickface,2,0,6,6,2
1237,foliage,1,3,1,4,1
1238,grass,2,0,3,1,8
1239,grass,2,0,3,1,0
1240,brickface,2,0,6,6,2
1241,sky,0,2,2,0,3
1242,grass,1,3,1,4,8
1243,cement,4,1,2,7,7
1244,cement,2,0,6,6,2
1245,sky,0,2,2,0,5
1246,sky,0,2,2,0,3
1247,brickface,1,3,1,4,1
1248,grass,1,3,0,2,8
1249,grass,1,3,0,2,8
1250,grass,2,0,3,1,8
1251,window,1,3,1,4,1
1252,path,4,1,0,2,7
1253,window,2,0,6,6,2
1254,sky,0,2,2,0,3
1255,window,2,0,6,6,2
1256,window,1,3,1,4,1
1257,window,2,0,6,6,2
1258,window,1,3,1,4,1
1259,cement,4,1,1,7,7
1260,grass,1,3,0,2,8
1261,grass,2,0,3,1,0
1262,path,4,1,3,1,0
1263,grass,1,3,0,2,8
1264,path,4,1,3,1,0
1265,foliage,1,3,1,4,1
1266,path,4,1,0,2,7
1267,brickface,1,3,1,4,1
1268,window,1,3,1,4,1
1269,cement,4,1,3,1,0
1270,grass,1,3,0,2,8
1271,foliage,2,0,6,6,2
1272,brickface,1,3,1,4,1
1273,cement,2,0,6,6,2
1274,window,2,0,6,6,2
1275,brickface,1,3,1,4,1
1276,cement,4,1,6,7,7
1277,cement,2,0,6,6,2
1278,grass,2,0,3,1,0
1279,path,4,1,3,1,0
1280,brickface,2,0,6,6,2
1281,path,4,1,0,2,7
1282,brickface,1,3,1,4,1
1283,path,2,0,3,1,0
1284,brickface,1,3,1,4,1
1285,sky,0,2,2,0,5
1286,foliage,1,3,1,4,1
1287,cement,4,1,1,7,7
1288,cement,4,1,1,7,7
1289,cement,2,0,3,1,0
1290,foliage,1,3,1,4,1
1291,path,4,1,0,2,8
1292,sky,0,2,2,0,5
1293,window,2,0,6,6,2
1294,window,2,0,6,6,2
1295,path,2,0,3,1,0
1296,path,2,0,3,1,0
1297,brickface,2,0,6,6,2
1298,brickface,2,0,6,6,2
1299,brickface,2,0,6,6,2
1300,cement,2,0,6,6,2
1301,sky,0,2,2,0,3
1302,brickface,1,3,1,4,1
1303,grass,2,0,3,1,0
1304,grass,1,3,0,2,8
1305,foliage,1,3,1,4,1
1306,path,4,1,3,1,0
1307,brickface,2,0,6,6,2
1308,sky,0,2,2,0,5
1309,foliage,2,0,6,6,2
1310,sky,0,2,2,0,5
1311,foliage,1,3,1,4,1
1312,grass,2,0,0,2,8
1313,foliage,1,3,1,4,1
1314,sky,0,2,2,0,3
1315,cement,2,0,6,6,2
1316,foliage,1,3,1,4,1
1317,brickface,1,3,1,4,1
1318,path,4,1,3,1,0
1319,cement,1,3,1,4,1
1320,sky,0,2,2,0,3
1321,brickface,2,0,6,6,2
1322,brickface,2,0,6,6,2
1323,window,2,0,6,6,2
1324,foliage,1,3,1,4,1
1325,path,4,1,0,2,7
1326,brickface,2,0,6,6,2
1327,window,2,0,6,6,2
1328,window,1,3,1,4,1
1329,path,2,0,3,1,0
1330,brickface,1,3,1,4,1
1331,grass,2,0,3,1,0
1332,foliage,1,3,1,4,1
1333,sky,0,2,2,0,3
1334,brickface,1,3,1,4,1
1335,foliage,2,0,6,6,2
1336,cement,2,0,6,6,2
1337,brickface,1,3,1,7,2
1338,cement,4,1,1,7,7
1339,window,1,3,6,6,2
1340,cement,4,1,1,7,7
1341,path,2,0,3,1,0
1342,cement,2,0,6,6,2
1343,path,2,0,3,1,0
1344,path,2,0,3,1,0
1345,sky,0,2,2,0,5
1346,sky,0,2,2,0,5
1347,foliage,2,0,6,6,2
1348,foliage,1,3,1,4,1
1349,cement,2,0,6,7,2
1350,foliage,1,3,1,4,1
1351,foliage,1,3,1,4,1
1352,path,4,1,0,2,7
1353,grass,2,0,3,1,0
1354,path,4,1,0,2,7
1355,sky,0,2,2,0,3
1356,brickface,1,3,1,4,1
1357,sky,0,2,2,0,5
1358,cement,4,1,3,7,7
1359,brickface,2,0,6,6,2
1360,foliage,1,3,1,4,1
1361,foliage,1,3,1,4,1
1362,path,2,0,3,1,0
1363,cement,4,1,0,7,7
1364,foliage,1,3,1,4,1
1365,grass,2,0,3,1,0
1366,window,2,0,6,6,2
1367,path,2,0,3,1,0
1368,window,2,0,6,6,2
1369,window,2,0,6,6,2
1370,grass,1,3,0,2,8
1371,foliage,1,3,1,4,1
1372,grass,2,0,3,1,0
1373,sky,0,2,2,0,3
1374,sky,0,2,2,0,5
1375,window,2,0,6,6,2
1376,sky,0,2,2,0,3
1377,cement,4,1,1,7,7
1378,path,2,0,3,1,0
1379,brickface,2,0,6,6,2
1380,sky,0,2,2,0,5
1381,cement,4,1,6,7,7
1382,path,2,0,3,1,0
1383,foliage,1,3,1,4,1
1384,path,4,1,0,2,7
1385,window,2,0,6,6,2
1386,path,4,1,3,1,7
1387,grass,1,3,0,2,8
1388,brickface,1,3,1,4,1
1389,grass,1,3,0,2,8
1390,foliage,1,3,1,4,1
1391,brickface,1,3,1,4,1
1392,path,4,1,3,1,0
1393,grass,2,0,3,1,0
1394,sky,0,2,2,0,3
1395,grass,1,3,0,2,8
1396,foliage,1,3,1,4,1
1397,brickface,2,0,6,6,2
1398,window,2,0,6,6,2
1399,grass,2,0,3,1,0
1400,sky,0,2,2,0,5
1401,path,4,1,3,1,0
1402,grass,2,0,3,1,0
1403,brickface,1,3,1,4,1
1404,window,1,3,1,4,1
1405,cement,4,1,1,7,7
1406,foliage,1,3,1,4,1
1407,foliage,1,3,1,4,1
1408,path,4,1,0,2,7
1409,brickface,2,0,6,6,2
1410,grass,2,0,3,1,0
1411,cement,2,0,6,6,2
1412,grass,2,0,0,2,8
1413,grass,1,3,0,2,8
1414,grass,2,0,3,1,0
1415,brickface,1,3,1,4,1
1416,brickface,1,3,1,4,1
1417,cement,2,0,6,6,2
1418,brickface,2,0,6,6,2
1419,grass,1,3,0,2,8
1420,brickface,1,3,1,4,1
1421,path,2,0,3,1,0
1422,foliage,1,3,1,4,1
1423,sky,0,2,2,0,5
1424,path,4,1,3,1,0
1425,brickface,2,0,6,6,2
1426,path,2,0,3,1,0
1427,grass,2,0,3,1,0
1428,window,1,3,1,4,1
1429,sky,0,2,2,0,5
1430,brickface,1,3,1,4,1
1431,cement,2,0,6,6,2
1432,brickface,2,0,6,6,2
1433,window,2,0,6,6,2
1434,grass,1,3,0,2,8
1435,grass,1,3,0,2,8
1436,path,2,0,3,1,0
1437,sky,0,2,2,0,3
1438,cement,4,1,1,7,7
1439,path,4,1,0,2,7
1440,cement,4,1,6,7,7
1441,grass,1,3,0,2,8
1442,grass,1,3,0,2,8
1443,cement,4,1,3,7,7
1444,grass,1,3,0,2,8
1445,sky,0,2,2,0,3
1446,cement,4,1,6,7,7
1447,foliage,1,3,1,4,1
1448,sky,0,2,2,0,5
1449,brickface,2,0,6,6,2
1450,foliage,1,3,1,4,1
1451,foliage,1,3,1,4,1
1452,brickface,1,3,1,4,1
1453,sky,0,2,2,0,5
1454,path,4,1,0,2,7
1455,window,2,0,6,6,2
1456,grass,1,3,0,2,8
1457,brickface,1,3,1,4,1
1458,cement,4,1,1,7,7
1459,grass,2,0,3,1,0
1460,foliage,1,3,1,7,1
1461,path,2,0,3,1,0
1462,grass,1,3,0,2,8
1463,brickface,2,0,6,6,2
1464,cement,4,1,3,7,7
1465,path,4,1,3,1,7
1466,grass,1,3,0,2,8
1467,sky,0,2,2,0,5
1468,brickface,2,0,6,6,2
1469,cement,2,0,3,1,0
1470,sky,0,2,2,0,5
1471,path,2,0,3,1,0
1472,cement,4,1,1,7,7
1473,foliage,2,0,6,6,2
1474,foliage,1,3,1,4,1
1475,brickface,1,3,1,4,1
1476,path,2,0,3,1,0
1477,path,2,0,3,1,0
1478,path,4,1,3,1,0
1479,sky,0,2,2,0,3
1480,sky,0,2,2,0,5
1481,brickface,1,3,1,4,1
1482,grass,1,3,0,2,8
1483,sky,0,2,2,0,3
1484,window,2,0,6,6,2
1485,cement,2,0,3,1,0
1486,sky,0,2,2,0,5
1487,path,2,0,3,1,0
1488,window,2,0,6,6,2
1489,brickface,2,0,6,6,2
1490,sky,0,2,2,0,5
1491,window,2,0,6,6,2
1492,window,2,0,6,6,2
1493,grass,2,0,3,1,0
1494,path,4,1,0,2,7
1495,grass,2,0,3,1,0
1496,path,2,0,3,1,0
1497,foliage,2,0,6,6,2
1498,sky,0,2,2,0,5
1499,brickface,1,3,1,7,1
1500,cement,4,1,3,7,7
1501,brickface,1,3,1,4,1
1502,sky,0,2,2,0,5
1503,window,1,3,1,4,1
1504,foliage,2,0,6,6,2
1505,foliage,1,3,1,4,1
1506,sky,0,2,2,0,5
1507,window,2,0,6,6,2
1508,sky,0,2,2,0,3
1509,brickface,2,0,6,6,2
1510,grass,1,3,0,2,8
1511,sky,0,2,2,0,5
1512,grass,2,0,3,6,0
1513,cement,2,0,6,6,2
1514,grass,2,0,3,1,0
1515,sky,0,2,2,0,3
1516,window,2,0,6,6,2
1517,window,2,0,6,6,2
1518,foliage,1,3,1,4,1
1519,path,2,0,3,1,0
1520,window,2,0,6,6,2
1521,cement,2,0,6,6,2
1522,path,4,1,0,2,7
1523,brickface,1,3,1,4,1
1524,brickface,1,3,1,4,1
1525,foliage,2,0,6,6,2
1526,sky,0,2,2,0,5
1527,brickface,1,3,1,4,1
1528,cement,4,1,1,7,7
1529,grass,2,0,3,1,0
1530,window,1,3,1,4,1
1531,cement,4,1,3,7,7
1532,cement,4,1,2,7,7
1533,grass,1,3,0,2,8
1534,foliage,2,0,6,6,2
1535,cement,2,0,6,6,2
1536,grass,1,3,0,2,8
1537,window,1,3,1,4,1
1538,sky,0,2,2,0,3
1539,grass,2,0,3,1,0
1540,foliage,1,3,1,4,1
1541,brickface,1,3,1,4,1
1542,foliage,1,3,1,4,1
1543,cement,2,0,6,6,2
1544,brickface,1,3,1,4,1
1545,window,2,0,6,6,2
1546,foliage,1,3,1,4,1
1547,sky,0,2,2,0,3
1548,foliage,1,3,1,4,1
1549,path,4,1,3,1,0
1550,brickface,2,0,6,6,2
1551,foliage,1,3,1,4,1
1552,sky,0,2,2,0,3
1553,cement,1,3,0,2,8
1554,brickface,1,3,1,4,1
1555,sky,0,2,2,0,3
1556,path,4,1,0,2,7
1557,brickface,1,3,1,4,1
1558,window,1,3,1,4,1
1559,sky,0,2,2,0,3
1560,foliage,3,5,5,3,6
1561,grass,2,0,3,1,0
1562,path,4,1,0,2,8
1563,cement,2,0,6,6,2
1564,grass,1,3,0,2,8
1565,cement,2,0,3,1,0
1566,brickface,1,3,1,4,1
1567,sky,0,2,2,0,3
1568,brickface,2,0,6,6,2
1569,sky,0,2,2,0,3
1570,cement,2,0,3,1,0
1571,sky,0,2,2,0,3
1572,path,2,0,3,1,0
1573,window,2,0,6,6,2
1574,path,4,1,3,1,0
1575,window,1,3,1,4,1
1576,cement,2,0,6,6,2
1577,cement,1,3,1,4,1
1578,grass,2,0,3,1,0
1579,path,1,3,0,2,8
1580,grass,1,3,0,2,8
1581,brickface,1,3,1,4,1
1582,grass,2,0,3,1,0
1583,window,2,0,6,6,2
1584,sky,0,2,2,0,5
1585,window,2,0,6,6,2
1586,window,2,0,6,6,2
1587,sky,0,2,2,0,3
1588,brickface,1,3,1,4,1
1589,foliage,1,3,1,4,1
1590,sky,0,2,2,0,5
1591,cement,4,1,1,7,7
1592,window,2,0,6,6,2
1593,sky,0,2,2,0,5
1594,foliage,1,3,1,4,1
1595,window,2,0,6,6,2
1596,path,4,1,3,1,7
1597,cement,4,1,6,7,7
1598,path,4,1,0,2,8
1599,foliage,4,1,1,7,7
1600,path,2,0,3,1,0
1601,path,4,1,0,2,7
1602,window,2,0,6,6,2
1603,window,2,0,6,6,2
1604,brickface,1,3,1,7,1
1605,path,4,1,3,1,7
1606,window,2,0,6,6,2
1607,cement,4,1,1,7,7
1608,cement,4,1,0,7,7
1609,sky,0,2,2,0,5
1610,cement,4,1,1,7,7
1611,path,4,1,3,1,7
1612,path,1,3,0,2,8
1613,cement,4,1,2,7,3
1614,window,2,0,6,6,2
1615,sky,0,2,2,0,3
1616,sky,0,2,2,0,3
1617,path,2,0,3,1,0
1618,brickface,1,3,1,7,1
1619,window,1,3,1,4,1
1620,brickface,1,3,1,4,1
1621,window,2,0,6,6,2
1622,brickface,2,0,6,6,2
1623,foliage,1,3,1,4,1
1624,grass,1,3,0,2,8
1625,foliage,1,3,1,4,1
1626,path,4,1,0,2,7
1627,cement,2,0,3,1,0
1628,window,2,0,6,6,2
1629,sky,0,2,2,0,3
1630,brickface,2,0,6,6,2
1631,brickface,2,0,6,6,2
1632,sky,0,2,2,0,5
1633,foliage,1,3,1,4,1
1634,window,1,3,1,4,1
1635,foliage,3,4,5,5,6
1636,path,4,1,3,1,0
1637,sky,0,2,2,0,5
1638,foliage,1,3,1,4,1
1639,cement,4,1,6,7,2
1640,brickface,1,3,1,4,1
1641,brickface,1,3,1,4,1
1642,brickface,2,0,6,6,2
1643,brickface,2,0,6,6,2
1644,brickface,1,3,1,4,1
1645,path,4,1,0,2,8
1646,grass,2,0,3,1,0
1647,sky,0,2,2,0,5
1648,brickface,1,3,1,4,1
1649,window,2,0,6,6,2
1650,brickface,2,0,6,6,2
1651,path,1,3,0,2,8
1652,grass,1,3,0,2,8
1653,cement,2,0,6,6,2
1654,window,1,3,1,4,1
1655,brickface,1,3,1,4,1
1656,sky,0,2,2,0,3
1657,foliage,2,0,6,6,2
1658,path,4,1,3,1,0
1659,brickface,1,3,1,4,1
1660,foliage,2,0,6,6,2
1661,foliage,2,0,6,6,2
1662,sky,0,2,2,0,5
1663,window,2,0,6,6,2
1664,foliage,1,3,1,4,1
1665,brickface,2,0,6,6,2
1666,path,2,0,3,1,0
1667,path,2,0,3,1,0
1668,cement,4,1,1,7,7
1669,window,2,0,6,6,2
1670,foliage,2,0,6,6,2
1671,cement,4,1,1,7,7
1672,grass,1,3,0,2,8
1673,grass,2,0,3,1,0
1674,path,4,1,0,2,7
1675,cement,4,1,1,7,7
1676,foliage,2,0,6,6,2
1677,cement,4,1,2,7,3
1678,grass,1,3,0,2,8
1679,window,1,3,1,4,1
1680,window,2,0,6,6,2
1681,window,2,0,6,6,2
1682,window,2,0,6,6,2
1683,foliage,3,4,4,5,4
1684,window,2,0,6,6,2
1685,cement,4,1,1,7,7
1686,cement,4,1,6,7,7
1687,grass,2,0,3,1,0
1688,foliage,2,0,6,6,2
1689,foliage,1,3,1,4,1
1690,grass,1,3,0,2,8
1691,grass,2,0,3,1,0
1692,window,1,3,1,4,1
1693,foliage,1,3,1,4,1
1694,cement,2,0,3,1,2
1695,cement,2,0,6,6,2
1696,path,2,0,3,1,0
1697,foliage,1,3,1,4,1
1698,sky,0,2,2,0,5
1699,window,2,0,6,6,2
1700,window,2,0,6,6,2
1701,foliage,1,3,1,4,1
1702,foliage,2,0,6,6,2
1703,cement,4,1,1,7,7
1704,cement,1,3,1,4,7
1705,grass,1,3,0,2,8
1706,foliage,1,5,5,3,6
1707,path,4,1,0,2,7
1708,grass,2,0,3,1,0
1709,foliage,1,3,1,4,1
1710,foliage,1,3,1,4,1
1711,cement,2,0,6,6,2
1712,grass,2,0,0,2,8
1713,grass,1,3,0,2,8
1714,path,2,0,3,1,0
1715,grass,1,3,0,2,8
1716,cement,1,3,1,4,1
1717,path,2,0,3,1,0
1718,grass,2,0,3,1,0
1719,grass,2,0,3,1,0
1720,path,2,0,3,1,0
1721,sky,0,2,2,0,3
1722,grass,1,3,0,2,8
1723,brickface,1,3,1,4,1
1724,brickface,1,3,1,4,1
1725,window,2,0,6,6,2
1726,foliage,1,3,1,4,1
1727,grass,1,3,0,2,8
1728,brickface,1,3,1,4,1
1729,sky,0,2,2,0,3
1730,window,2,0,6,6,2
1731,brickface,1,3,1,4,1
1732,path,2,0,3,1,0
1733,brickface,1,3,1,4,1
1734,sky,0,2,2,0,3
1735,window,2,0,6,6,2
1736,brickface,1,3,1,4,1
1737,brickface,1,3,1,4,1
1738,brickface,2,0,6,6,2
1739,cement,4,1,6,7,7
1740,sky,0,2,2,0,5
1741,brickface,1,3,1,4,1
1742,brickface,1,3,1,4,1
1743,window,2,0,6,6,2
1744,window,2,0,6,6,2
1745,brickface,1,3,1,4,1
1746,brickface,1,3,1,4,1
1747,grass,2,0,3,1,0
1748,sky,0,2,2,0,5
1749,path,4,1,0,2,7
1750,foliage,1,3,1,4,1
1751,grass,1,3,0,2,8
1752,brickface,1,3,1,4,1
1753,foliage,1,3,1,4,1
1754,sky,0,2,2,0,3
1755,cement,4,1,3,7,7
1756,window,1,3,1,4,1
1757,sky,0,2,2,0,5
1758,path,4,1,0,2,7
1759,foliage,1,3,1,4,1
1760,grass,1,3,0,2,8
1761,foliage,2,0,6,6,2
1762,cement,2,0,6,6,2
1763,path,4,1,3,1,0
1764,cement,4,1,1,7,7
1765,window,1,3,1,4,1
1766,cement,2,0,3,6,2
1767,cement,2,0,6,6,2
1768,sky,0,2,2,0,5
1769,foliage,2,0,6,6,2
1770,grass,1,3,0,2,8
1771,sky,0,2,2,0,5
1772,brickface,2,0,6,6,2
1773,brickface,2,0,6,6,2
1774,foliage,1,3,1,4,1
1775,sky,0,2,2,0,5
1776,sky,0,2,2,0,3
1777,path,2,0,3,1,0
1778,sky,0,2,2,0,5
1779,brickface,1,3,1,4,1
1780,window,2,0,6,6,2
1781,path,4,1,0,2,7
1782,sky,0,2,2,0,5
1783,path,1,3,0,2,8
1784,path,4,1,0,2,8
1785,path,4,1,0,2,7
1786,path,4,1,0,2,7
1787,sky,0,2,2,0,3
1788,grass,1,3,0,2,8
1789,brickface,1,3,1,4,1
1790,window,2,0,6,6,2
1791,grass,2,0,3,1,0
1792,grass,1,3,0,2,8
1793,path,4,1,3,1,0
1794,path,4,1,3,1,0
1795,window,1,3,1,4,1
1796,cement,2,0,6,6,2
1797,foliage,1,3,1,4,1
1798,sky,0,2,2,0,3
1799,path,2,0,3,1,0
1800,foliage,1,3,6,4,2
1801,brickface,4,1,6,7,2
1802,sky,0,2,2,0,5
1803,path,2,0,3,1,0
1804,cement,1,3,1,4,1
1805,foliage,1,3,1,4,1
1806,window,2,0,6,6,2
1807,window,1,3,1,4,1
1808,foliage,1,3,1,4,1
1809,path,2,0,3,1,0
1810,cement,2,0,6,6,2
1811,brickface,1,3,1,4,1
1812,grass,1,3,0,2,8
1813,cement,0,2,2,7,3
1814,grass,1,3,0,2,8
1815,path,4,1,0,2,7
1816,window,2,0,6,6,2
1817,window,1,3,1,4,1
1818,sky,0,2,2,0,5
1819,path,1,3,0,2,8
1820,brickface,2,0,6,6,2
1821,window,2,0,6,6,2
1822,path,2,0,3,1,0
1823,grass,2,0,3,1,0
1824,foliage,2,0,6,6,2
1825,window,2,0,6,6,2
1826,path,2,0,3,1,0
1827,path,4,1,3,1,0
1828,path,4,1,0,2,7
1829,grass,2,0,3,1,0
1830,window,1,3,1,4,1
1831,cement,2,0,6,6,2
1832,brickface,1,3,1,4,1
1833,path,4,1,0,2,7
1834,foliage,1,3,1,4,1
1835,path,4,1,0,2,7
1836,brickface,1,3,1,4,1
1837,grass,1,3,0,2,8
1838,sky,0,2,2,0,5
1839,foliage,1,3,1,4,1
1840,brickface,1,3,1,4,1
1841,foliage,1,3,6,4,1
1842,cement,2,5,6,3,2
1843,brickface,1,3,1,4,1
1844,foliage,2,0,6,6,2
1845,window,2,0,6,6,2
1846,brickface,2,0,6,6,2
1847,sky,0,2,2,0,3
1848,cement,4,1,2,7,7
1849,grass,1,3,0,2,8
1850,foliage,1,3,1,4,1
1851,cement,2,0,3,1,0
1852,foliage,1,3,1,4,1
1853,foliage,2,0,6,6,2
1854,sky,0,2,2,0,5
1855,grass,2,0,3,1,0
1856,foliage,1,3,1,4,1
1857,cement,2,0,3,1,0
1858,window,1,3,1,4,1
1859,brickface,1,3,1,4,1
1860,cement,4,1,2,7,7
1861,cement,2,0,3,1,0
1862,brickface,1,3,1,4,1
1863,brickface,1,3,1,4,1
1864,sky,0,2,2,0,3
1865,cement,4,1,1,7,7
1866,sky,0,2,2,0,5
1867,grass,2,0,0,2,8
1868,window,2,0,6,6,2
1869,sky,0,2,2,0,5
1870,brickface,1,3,1,4,1
1871,foliage,1,3,1,4,1
1872,path,4,1,3,1,0
1873,foliage,1,3,1,4,1
1874,path,2,0,3,1,0
1875,brickface,2,0,6,6,2
1876,foliage,1,3,1,4,1
1877,cement,4,1,1,7,7
1878,foliage,1,3,1,4,1
1879,cement,2,0,3,1,2
1880,grass,1,3,0,2,8
1881,grass,2,0,3,1,0
1882,path,2,0,3,1,0
1883,brickface,2,0,6,6,2
1884,window,2,0,6,6,2
1885,cement,4,1,1,7,7
1886,cement,2,0,3,1,0
1887,grass,1,3,0,2,8
1888,grass,1,3,0,2,8
1889,sky,0,2,2,0,3
1890,brickface,1,3,1,4,1
1891,brickface,1,3,1,4,1
1892,foliage,1,3,1,4,1
1893,window,2,0,6,6,2
1894,brickface,2,0,6,6,2
1895,window,1,3,1,4,1
1896,window,1,3,1,4,1
1897,window,2,0,6,6,2
1898,sky,0,2,2,0,3
1899,sky,0,2,2,0,3
1900,sky,0,2,2,0,5
1901,path,4,1,3,1,7
1902,path,4,1,3,1,0
1903,cement,2,0,6,6,2
1904,window,1,3,1,4,1
1905,path,4,1,3,1,7
1906,path,4,1,3,1,7
1907,brickface,1,3,1,4,1
1908,grass,1,3,0,2,8
1909,path,4,1,3,1,0
1910,path,1,3,0,2,8
1911,sky,0,2,2,0,3
1912,path,4,1,0,2,7
1913,foliage,1,3,1,4,1
1914,grass,2,0,3,1,0
1915,sky,0,2,2,0,5
1916,grass,1,3,0,2,8
1917,path,2,0,3,1,0
1918,foliage,4,1,1,7,7
1919,foliage,1,3,1,4,1
1920,grass,2,0,3,1,0
1921,cement,2,0,3,1,0
1922,grass,1,3,0,2,8
1923,path,2,0,3,1,0
1924,sky,0,2,2,0,3
1925,foliage,1,3,1,4,1
1926,cement,2,0,3,1,0
1927,cement,2,0,3,6,0
1928,path,2,0,3,1,0
1929,foliage,1,3,1,4,1
1930,sky,0,2,2,0,5
1931,window,1,3,6,6,2
1932,window,2,0,6,6,2
1933,window,1,3,1,4,1
1934,grass,1,3,0,2,8
1935,path,4,1,0,2,7
1936,cement,2,0,6,6,2
1937,cement,2,0,3,1,0
1938,foliage,1,3,1,4,1
1939,foliage,3,4,4,5,4
1940,brickface,1,3,1,4,1
1941,cement,4,1,1,7,7
1942,grass,1,3,0,2,8
1943,sky,0,2,2,0,3
1944,grass,2,0,3,1,0
1945,brickface,2,0,6,6,2
1946,window,2,0,6,6,2
1947,sky,0,2,2,0,3
1948,window,2,0,6,6,2
1949,cement,2,0,6,6,2
1950,window,2,0,6,6,2
1951,grass,1,3,0,2,8
1952,grass,1,3,0,2,8
1953,cement,2,0,3,1,0
1954,cement,4,1,6,7,7
1955,grass,1,3,0,2,8
1956,sky,0,2,2,0,5
1957,window,2,0,6,6,2
1958,window,1,3,1,4,1
1959,cement,1,3,1,4,1
1960,grass,1,3,0,2,8
1961,grass,2,0,3,1,0
1962,cement,2,0,6,6,2
1963,sky,0,2,2,0,3
1964,sky,0,2,2,0,5
1965,window,2,0,6,6,2
1966,window,2,0,6,6,2
1967,foliage,1,3,1,4,1
1968,grass,1,3,0,2,8
1969,grass,1,3,0,2,8
1970,grass,2,0,3,1,0
1971,path,2,0,3,1,0
1972,brickface,2,0,6,6,2
1973,foliage,1,3,1,4,1
1974,cement,2,0,6,6,2
1975,path,4,1,0,2,7
1976,brickface,1,3,1,4,1
1977,brickface,1,3,1,4,1
1978,sky,0,2,2,0,3
1979,window,1,3,1,4,1
1980,grass,1,3,0,2,8
1981,window,2,0,3,6,2
1982,cement,4,1,6,7,2
1983,path,2,0,3,1,0
1984,sky,0,2,2,0,5
1985,brickface,2,0,6,6,2
1986,foliage,3,5,5,3,6
1987,sky,0,2,2,0,5
1988,grass,1,3,0,2,8
1989,brickface,1,3,1,4,1
1990,grass,2,0,3,1,0
1991,grass,1,3,0,2,8
1992,grass,1,3,0,2,8
1993,sky,0,2,2,0,3
1994,cement,4,1,0,7,7
1995,brickface,2,0,6,6,2
1996,foliage,1,3,1,4,1
1997,cement,4,1,1,7,7
1998,sky,0,2,2,0,3
1999,brickface,1,3,1,4,1
2000,foliage,2,0,6,6,2
2001,cement,2,0,3,1,0
2002,grass,1,3,0,2,8
2003,sky,0,2,2,0,3
2004,path,4,1,3,1,7
2005,brickface,2,0,6,6,2
2006,grass,2,0,3,1,0
2007,path,2,0,3,1,0
2008,grass,1,3,0,2,8
2009,brickface,1,3,1,4,1
2010,sky,0,2,2,0,3
2011,grass,1,3,0,2,8
2012,brickface,2,0,6,6,2
2013,cement,4,1,1,7,7
2014,cement,4,1,0,7,7
2015,foliage,1,3,1,4,1
2016,brickface,1,3,1,4,1
2017,foliage,1,3,1,4,1
2018,grass,1,3,0,2,8
2019,cement,1,3,1,4,1
2020,path,1,3,0,2,8
2021,cement,2,0,3,1,0
2022,sky,0,2,2,0,3
2023,brickface,1,3,1,4,1
2024,foliage,1,3,1,4,1
2025,sky,0,2,2,0,5
2026,brickface,1,3,1,4,2
2027,foliage,1,3,1,4,1
2028,sky,0,2,2,0,3
2029,foliage,1,3,1,4,1
2030,sky,0,2,2,0,5
2031,cement,4,1,0,2,7
2032,path,4,1,0,2,7
2033,sky,0,2,2,0,5
2034,brickface,2,0,6,6,2
2035,foliage,1,3,6,4,2
2036,cement,1,3,1,4,1
2037,window,2,0,6,6,2
2038,cement,1,3,1,4,1
2039,path,4,1,0,2,7
2040,cement,4,1,1,7,7
2041,foliage,1,3,1,4,1
2042,foliage,2,0,6,6,2
2043,window,2,0,6,6,2
2044,cement,2,0,6,6,2
2045,sky,0,2,2,0,3
2046,brickface,1,3,1,4,1
2047,window,2,0,6,6,2
2048,brickface,1,3,1,4,1
2049,brickface,1,3,1,4,1
2050,sky,0,2,2,0,3
2051,path,4,1,3,1,0
2052,path,4,1,0,2,7
2053,window,1,3,1,4,1
2054,path,2,0,3,1,0
2055,path,1,3,0,2,8
2056,window,2,0,6,6,2
2057,grass,1,3,0,2,8
2058,foliage,2,0,6,6,2
2059,window,2,0,6,6,2
2060,cement,1,3,0,2,1
2061,cement,4,1,1,7,7
2062,brickface,1,3,1,4,1
2063,path,2,0,3,1,0
2064,grass,1,3,0,2,8
2065,cement,2,0,6,6,2
2066,path,4,1,0,2,7
2067,brickface,1,3,1,4,1
2068,brickface,1,3,1,4,1
2069,cement,4,1,0,7,7
2070,foliage,1,3,1,4,1
2071,window,2,0,6,6,2
2072,window,2,0,6,6,2
2073,foliage,1,3,1,4,1
2074,brickface,1,3,1,4,1
2075,window,1,3,1,4,1
2076,sky,0,2,2,0,5
2077,cement,2,0,6,6,2
2078,grass,1,3,0,2,8
2079,window,2,0,6,6,2
2080,path,4,1,0,2,7
2081,brickface,1,3,1,4,1
2082,sky,0,2,2,0,3
2083,path,2,0,3,1,0
2084,sky,0,2,2,0,3
2085,path,4,1,0,2,7
2086,foliage,1,3,1,4,1
2087,sky,0,2,2,0,3
2088,foliage,1,3,1,4,1
2089,sky,0,2,2,0,5
2090,grass,2,0,3,1,0
2091,window,2,0,6,6,2
2092,brickface,2,0,6,6,2
2093,sky,0,2,2,0,5
2094,sky,0,2,2,0,3
2095,sky,0,2,2,0,5
2096,cement,2,0,3,1,0
2097,cement,4,1,1,7,7
2098,cement,4,1,1,7,7
2099,window,1,3,1,4,1
2100,brickface,1,3,1,4,1
2101,cement,4,1,1,7,1
2102,grass,1,3,0,2,8
2103,path,4,1,3,1,0
2104,sky,0,2,2,0,3
2105,path,2,0,3,1,0
2106,path,4,1,0,2,7
2107,foliage,2,0,6,6,2
2108,grass,2,0,3,1,0
2109,brickface,1,3,1,4,1
2110,grass,1,3,0,2,8
2111,path,4,1,3,1,0
2112,grass,2,0,3,1,0
2113,grass,2,0,3,1,0
2114,grass,1,3,0,2,8
2115,sky,0,2,2,0,5
2116,foliage,2,0,6,6,2
2117,cement,2,0,3,1,0
2118,brickface,1,3,1,4,1
2119,brickface,1,3,1,4,1
2120,cement,4,1,0,2,7
2121,foliage,1,3,1,4,1
2122,path,2,0,3,1,0
2123,brickface,1,3,1,4,1
2124,foliage,1,3,1,4,1
2125,grass,2,0,3,1,8
2126,brickface,1,3,1,4,1
2127,brickface,2,0,6,6,2
2128,path,4,1,3,1,0
2129,path,2,0,3,1,0
2130,brickface,1,3,1,4,1
2131,path,4,1,0,2,7
2132,brickface,1,3,1,4,1
2133,window,2,0,6,6,2
2134,cement,2,0,6,6,2
2135,cement,4,1,2,7,7
2136,sky,0,2,2,0,5
2137,window,1,3,1,4,1
2138,grass,2,0,0,2,8
2139,window,2,0,6,6,2
2140,sky,0,2,2,0,5
2141,cement,4,1,1,7,7
2142,path,2,0,3,1,0
2143,sky,0,2,2,0,3
2144,window,2,0,6,6,2
2145,foliage,1,3,6,4,1
2146,brickface,2,0,6,6,2
2147,brickface,1,3,1,4,1
2148,sky,0,2,2,0,3
2149,path,4,1,3,1,7
2150,sky,0,2,2,0,3
2151,cement,2,0,3,1,0
2152,sky,0,2,2,0,5
2153,window,2,0,6,6,2
2154,window,2,0,6,6,2
2155,window,1,3,1,4,1
2156,sky,0,2,2,0,3
2157,cement,1,3,1,4,1
2158,grass,1,3,0,2,8
2159,grass,2,0,3,1,0
2160,cement,2,0,6,6,2
2161,brickface,1,3,1,7,1
2162,path,4,1,0,2,7
2163,window,1,3,1,4,1
2164,grass,1,3,0,2,8
2165,sky,0,2,2,0,5
2166,brickface,2,0,6,6,2
2167,cement,4,1,2,7,3
2168,sky,0,2,2,0,5
2169,foliage,1,3,6,6,2
2170,sky,0,2,2,0,3
2171,window,2,0,6,6,2
2172,sky,0,2,2,0,3
2173,path,2,0,3,1,0
2174,sky,0,2,2,0,3
2175,window,2,0,6,6,2
2176,window,1,3,1,4,1
2177,foliage,1,3,1,4,1
2178,path,4,1,0,2,7
2179,window,2,0,6,6,2
2180,grass,2,0,3,1,0
2181,sky,0,2,2,0,5
2182,sky,0,2,2,0,5
2183,brickface,1,3,1,4,1
2184,foliage,1,3,6,6,2
2185,brickface,1,3,1,4,1
2186,cement,4,1,1,7,7
2187,brickface,1,3,1,4,1
2188,cement,4,1,1,7,7
2189,path,4,1,0,2,7
2190,cement,2,0,6,6,2
2191,cement,2,0,6,6,2
2192,brickface,1,3,1,4,1
2193,path,4,1,0,2,7
2194,grass,1,3,0,2,8
2195,sky,0,2,2,0,3
2196,grass,1,3,0,2,8
2197,grass,2,0,3,1,0
2198,window,1,3,1,4,1
2199,cement,4,1,1,7,7
2200,window,2,0,6,6,2
2201,foliage,2,0,6,6,2
2202,path,2,0,3,1,0
2203,cement,2,0,6,6,2
2204,grass,2,0,3,1,0
2205,grass,1,3,0,2,8
2206,grass,1,3,0,2,8
2207,brickface,1,3,1,4,1
2208,cement,2,0,6,6,2
2209,sky,0,2,2,0,3
2210,path,2,0,3,1,0
2211,window,1,3,1,4,1
2212,path,4,1,0,2,7
2213,foliage,1,3,1,4,1
2214,sky,0,2,2,0,3
2215,sky,0,2,2,0,5
2216,cement,1,3,0,4,8
2217,foliage,1,3,1,4,1
2218,cement,2,0,6,6,2
2219,cement,4,1,1,7,7
2220,window,2,0,6,6,2
2221,grass,2,0,3,1,0
2222,cement,2,0,3,6,2
2223,cement,1,3,1,4,1
2224,window,1,3,1,4,1
2225,foliage,1,3,1,4,1
2226,cement,1,3,1,7,1
2227,sky,0,2,2,0,5
2228,foliage,2,0,6,6,2
2229,window,2,0,6,6,2
2230,cement,2,0,6,6,2
2231,foliage,1,3,1,4,1
2232,brickface,1,3,1,4,1
2233,window,2,0,6,6,2
2234,window,1,3,6,6,2
2235,grass,1,3,0,2,8
2236,grass,1,3,0,2,8
2237,foliage,1,3,1,4,1
2238,path,4,1,0,2,7
2239,cement,1,3,1,4,1
2240,cement,4,1,2,7,7
2241,grass,1,3,0,2,8
2242,cement,4,1,3,7,7
2243,cement,4,1,1,7,7
2244,window,2,0,6,6,2
2245,brickface,1,3,1,4,1
2246,grass,1,3,0,2,8
2247,window,2,0,6,6,2
2248,window,2,0,6,6,2
2249,path,1,3,0,2,8
2250,path,2,0,3,1,0
2251,sky,0,2,2,0,5
2252,sky,0,2,2,0,3
2253,cement,4,1,0,7,7
2254,foliage,2,0,6,6,2
2255,path,4,1,0,2,7
2256,path,4,1,0,2,7
2257,sky,0,2,2,0,3
2258,path,2,0,3,1,0
2259,path,4,1,3,1,0
2260,sky,0,2,2,0,3
2261,sky,0,2,2,0,5
2262,foliage,1,3,1,4,1
2263,grass,2,0,3,1,0
2264,grass,2,0,6,6,2
2265,grass,2,0,3,1,0
2266,grass,2,0,6,6,2
2267,path,4,1,3,1,0
2268,foliage,1,3,1,4,1
2269,brickface,1,3,1,4,1
2270,foliage,1,3,1,4,1
2271,cement,1,3,1,4,1
2272,window,1,3,1,4,1
2273,window,1,3,1,4,1
2274,sky,0,2,2,0,5
2275,cement,2,0,3,1,0
2276,window,1,3,1,4,1
2277,grass,1,3,0,2,8
2278,foliage,2,0,6,6,2
2279,foliage,1,3,1,4,1
2280,window,2,0,6,6,2
2281,window,2,0,6,6,2
2282,path,2,0,3,1,0
2283,window,2,0,6,6,2
2284,path,4,1,0,2,7
2285,cement,4,1,3,7,7
2286,brickface,2,0,6,6,2
2287,path,2,0,3,1,0
2288,cement,4,1,6,7,2
2289,foliage,1,3,1,4,1
2290,sky,0,2,2,0,3
2291,brickface,2,0,6,6,2
2292,path,2,0,3,1,0
2293,cement,4,1,6,7,2
2294,brickface,1,3,1,4,1
2295,sky,0,2,2,0,3
2296,foliage,1,3,1,4,1
2297,foliage,1,3,1,4,1
2298,sky,0,2,2,0,3
2299,foliage,1,3,1,4,1
2300,window,1,3,1,4,1
2301,window,2,0,6,6,2
2302,path,2,0,3,1,0
2303,path,2,0,3,1,0
2304,cement,1,3,1,4,1
2305,brickface,1,3,1,4,1
2306,sky,0,2,2,0,5
2307,cement,4,1,1,7,7
2308,foliage,1,3,1,4,1
2309,brickface,1,3,1,4,1
